Proba [m],Czas
1,0.0132477
2,0.0106343
3,0.0106891
4,0.0115228
5,0.0105844
6,0.0106039
7,0.0107805
8,0.0118346
9,0.0106
10,0.0105908
Srednia,0.0121679
Odchylenie,0.00134372
