Proba [m],Czas
1,2.47507
2,59.9803
3,45.3737
4,0.765515
5,0.898303
6,2.90319
7,1.65086
8,1.23357
9,1.02952
10,10.2139
Srednia,13.6738
Odchylenie,20.4734
