Proba [m],Czas
1,35.144
2,53.0444
3,0.00157422
4,0.000912267
5,0.000910731
6,0.000926654
7,0.000908565
8,0.000909683
9,0.000913105
10,0.000973239
Srednia,8.81974
Odchylenie,18.0858
