Proba [m],Czas
1,0.0125484
2,0.0103153
3,0.0110654
4,0.0108634
5,0.0103309
6,0.0102696
7,0.0110397
8,0.0102828
9,0.0102308
10,0.0103585
Srednia,0.0117663
Odchylenie,0.00124068
