Proba [m],Czas
1,0.098999
2,0.067997
3,0.0749969
4,0.0719986
5,0.0699997
6,0.0720024
7,0.0719986
8,0.071003
9,0.0709991
10,0.0709991
11,0.0719986
12,0.0709991
13,0.071003
14,0.0739975
15,0.0709991
16,0.071003
17,0.0699997
18,0.0709991
19,0.0730019
20,0.0670013
Srednia,0.0759499
Odchylenie,0.00713159
