Proba [m],Czas
1,2.65201
2,2.28
3,2.207
4,2.15802
5,2.246
Srednia,2.75781
Odchylenie,0.482611
