Proba [m],Czas
1,9.708e-06
2,2.0184e-05
3,1.0197e-05
4,2.0673e-05
5,1.0406e-05
Srednia,1.63148e-05
Odchylenie,5.47642e-06
