Proba [m],Czas
1,0.0132021
2,0.0109787
3,0.011404
4,0.0112533
5,0.0119202
6,0.0110173
7,0.0113292
8,0.0110889
9,0.0122293
10,0.0109359
Srednia,0.0126295
Odchylenie,0.00129009
