Proba [m],Czas
1,0.0130232
2,0.0110836
3,0.0110339
4,0.0109752
5,0.0106887
6,0.0114478
7,0.010694
8,0.0111655
9,0.0107155
10,0.0105612
Srednia,0.012195
Odchylenie,0.00125519
