Proba [m],Czas
1,0.110889
2,0.0996162
3,0.0976726
4,0.0782815
5,0.0771044
6,0.0786657
7,0.0795374
8,0.0786506
9,0.0768005
10,0.0792274
Srednia,0.0935673
Odchylenie,0.0140937
