Proba [m],Czas
1,0.557007
2,0.388977
3,0.375
4,0.375
5,0.379028
Srednia,0.490808
Odchylenie,0.10399
