Proba [m],Czas
1,27.6174
2,182.552
3,0.000996425
4,0.000932381
5,0.00091073
6,0.000905003
7,0.000904515
8,0.000970305
9,0.000909822
10,0.000926304
11,0.000986298
12,0.000994051
13,0.000983924
14,0.00101242
15,0.000958781
16,0.000967022
17,0.00102345
18,0.00096786
19,0.00125616
20,0.000971981
Srednia,10.5094
Odchylenie,39.9244
