Proba [m],Czas
1,5.49853e-05
2,5.40018e-05
3,5.40018e-05
4,5.49853e-05
5,5.50151e-05
6,5.40018e-05
7,5.40018e-05
8,5.40018e-05
9,5.40018e-05
10,5.49853e-05
