Proba [m],Czas
1,4.05896
2,3.97003
3,4.03101
4,3.82599
5,3.96198
Srednia,4.76199
Odchylenie,0.796478
