Proba [m],Czas
1,1.97498
2,2.07401
3,2.134
4,2.129
5,2.10001
Srednia,2.5024
Odchylenie,0.423972
