Proba [m],Czas
1,20.3231
2,0.779871
3,0.000498736
4,0.000493778
5,0.0004928
6,0.000493569
7,0.000494057
8,0.000526813
9,0.00051054
10,0.000493778
Srednia,2.11074
Odchylenie,6.07523
