Proba [m],Czas
1,3.06386
2,4.82434
3,6.58236
4,8.3368
5,10.1057
Srednia,8.60377
Odchylenie,3.20587
