Proba [m],Czas
1,4.24103
2,4.37402
3,4.33301
4,4.185
5,4.17401
Srednia,5.09622
Odchylenie,0.838591
