Proba [m],Czas
1,0.0131065
2,0.01108
3,0.0114856
4,0.0112604
5,0.0110664
6,0.0112362
7,0.0114695
8,0.0108492
9,0.0114215
10,0.0110464
Srednia,0.0125068
Odchylenie,0.00125759
