Proba [m],Czas
1,0.0138261
2,0.0109574
3,0.0121045
4,0.0115135
5,0.0111219
6,0.0107145
7,0.011744
8,0.0107898
9,0.0109883
10,0.0107179
Srednia,0.0125196
Odchylenie,0.00140457
