Proba [m],Czas
1,6.8514e-05
2,6.9492e-05
3,0.000109511
4,6.5302e-05
5,6.0831e-05
6,6.9283e-05
7,6.6838e-05
8,5.8247e-05
9,6.4813e-05
10,5.3219e-05
11,4.826e-05
12,5.8178e-05
13,5.9435e-05
14,5.6431e-05
15,5.8318e-05
Srednia,6.83327e-05
Odchylenie,1.39888e-05
