Proba [m],Czas
1,0.0128008
2,0.0115318
3,0.0103178
4,0.0103313
5,0.011901
6,0.0113069
7,0.010323
8,0.0103453
9,0.0105709
10,0.0111984
Srednia,0.0121826
Odchylenie,0.0013768
